accuracy,balanced_accuracy,macro_f1,clickbait_f1,clickbait_precision,clickbait_recall,model
0.7525622254758418,0.7431974827689543,0.7272680016539665,0.6442105263157895,0.583969465648855,0.7183098591549296,baseline_word_title
0.7452415812591509,0.7263260413545101,0.7154493736352143,0.6233766233766234,0.5783132530120482,0.676056338028169,7.1_word_title_lead
0.7437774524158126,0.7303965637798422,0.7164596899500646,0.6284501061571125,0.5736434108527132,0.6948356807511737,7.2_char_title
0.7481698389458272,0.7297372889821196,0.718720070489982,0.6277056277056277,0.5823293172690763,0.6807511737089202,7.2_word_char_title
0.767203513909224,0.7294476076316052,0.7291527934695587,0.6276346604215457,0.6261682242990654,0.6291079812206573,7.3_word_title_lexical
0.7364568081991215,0.7212266506842473,0.7080642097264438,0.6170212765957447,0.5642023346303502,0.6807511737089202,7.4_word_title_no_source_cues
